Datetime,Water Level (m)
2025-11-15 18:00:00,-0.4603575
2025-11-15 19:00:00,-0.4159109
2025-11-15 20:00:00,-0.24536394
2025-11-15 21:00:00,0.025693769
2025-11-15 22:00:00,0.28063312
2025-11-15 23:00:00,0.4776895
2025-11-16 00:00:00,0.5457593
2025-11-16 01:00:00,0.4718209
2025-11-16 02:00:00,0.24892955
2025-11-16 03:00:00,-0.061288856
2025-11-16 04:00:00,-0.36213297
2025-11-16 05:00:00,-0.584582
2025-11-16 06:00:00,-0.6629731
2025-11-16 07:00:00,-0.60468537
2025-11-16 08:00:00,-0.3870855
2025-11-16 09:00:00,-0.080075644
2025-11-16 10:00:00,0.24086688
2025-11-16 11:00:00,0.505265
2025-11-16 12:00:00,0.6680731
2025-11-16 13:00:00,0.6941374
2025-11-16 14:00:00,0.56166357
2025-11-16 15:00:00,0.30355686
2025-11-16 16:00:00,-0.024708219
2025-11-16 17:00:00,-0.3234619
2025-11-16 18:00:00,-0.5147595
2025-11-16 19:00:00,-0.5526156
2025-11-16 20:00:00,-0.44930327
2025-11-16 21:00:00,-0.19399703
2025-11-16 22:00:00,0.11125017
2025-11-16 23:00:00,0.3766991
2025-11-17 00:00:00,0.5314741
2025-11-17 01:00:00,0.55210704
2025-11-17 02:00:00,0.4175483
2025-11-17 03:00:00,0.14224808
2025-11-17 04:00:00,-0.18610752
2025-11-17 05:00:00,-0.48952353
2025-11-17 06:00:00,-0.67916274
2025-11-17 07:00:00,-0.71678936
2025-11-17 08:00:00,-0.57778275
2025-11-17 09:00:00,-0.29768524
2025-11-17 10:00:00,0.069092795
2025-11-17 11:00:00,0.42339915
2025-11-17 12:00:00,0.68343645
2025-11-17 13:00:00,0.79635847
2025-11-17 14:00:00,0.74462473
2025-11-17 15:00:00,0.5251262
2025-11-17 16:00:00,0.18417516
2025-11-17 17:00:00,-0.17910476
2025-11-17 18:00:00,-0.47548485
2025-11-17 19:00:00,-0.61542666
2025-11-17 20:00:00,-0.59994125
2025-11-17 21:00:00,-0.40679786
2025-11-17 22:00:00,-0.10559247
2025-11-17 23:00:00,0.22675583
2025-11-18 00:00:00,0.46086627
2025-11-18 01:00:00,0.57719296
2025-11-18 02:00:00,0.5296996
2025-11-18 03:00:00,0.31772065
2025-11-18 04:00:00,-0.010029405
2025-11-18 05:00:00,-0.3666658
2025-11-18 06:00:00,-0.6525027
2025-11-18 07:00:00,-0.7914037
2025-11-18 08:00:00,-0.72702014
2025-11-18 09:00:00,-0.4902233
2025-11-18 10:00:00,-0.12737645
2025-11-18 11:00:00,0.27356037
2025-11-18 12:00:00,0.6163776
2025-11-18 13:00:00,0.8139807
2025-11-18 14:00:00,0.8542408
2025-11-18 15:00:00,0.71261156
2025-11-18 16:00:00,0.40483904
2025-11-18 17:00:00,0.017205613
2025-11-18 18:00:00,-0.35781878
2025-11-18 19:00:00,-0.6080849
2025-11-18 20:00:00,-0.69595337
2025-11-18 21:00:00,-0.59493625
2025-11-18 22:00:00,-0.32631
2025-11-18 23:00:00,0.023819596
2025-11-19 00:00:00,0.33869255
2025-11-19 01:00:00,0.53863335
2025-11-19 02:00:00,0.57958716
2025-11-19 03:00:00,0.44606566
2025-11-19 04:00:00,0.15810744
2025-11-19 05:00:00,-0.20096049
2025-11-19 06:00:00,-0.5442118
2025-11-19 07:00:00,-0.77871174
2025-11-19 08:00:00,-0.8192818
2025-11-19 09:00:00,-0.6625925
2025-11-19 10:00:00,-0.3516077
2025-11-19 11:00:00,0.06021038
2025-11-19 12:00:00,0.47080332
2025-11-19 13:00:00,0.7773992
2025-11-19 14:00:00,0.9029554
2025-11-19 15:00:00,0.85526663
2025-11-19 16:00:00,0.61461276
2025-11-19 17:00:00,0.25003734
2025-11-19 18:00:00,-0.17332795
2025-11-19 19:00:00,-0.51649684
2025-11-19 20:00:00,-0.71775705
2025-11-19 21:00:00,-0.7095648
2025-11-19 22:00:00,-0.5144971
2025-11-19 23:00:00,-0.18641597
2025-11-20 00:00:00,0.16585909
2025-11-20 01:00:00,0.44848877
2025-11-20 02:00:00,0.5750797
2025-11-20 03:00:00,0.5185885
2025-11-20 04:00:00,0.308386
2025-11-20 05:00:00,-0.02522012
2025-11-20 06:00:00,-0.3805434
2025-11-20 07:00:00,-0.6963855
2025-11-20 08:00:00,-0.84028774
2025-11-20 09:00:00,-0.7887932
2025-11-20 10:00:00,-0.54978573
2025-11-20 11:00:00,-0.1709721
2025-11-20 12:00:00,0.2670059
2025-11-20 13:00:00,0.64716893
2025-11-20 14:00:00,0.88324213
2025-11-20 15:00:00,0.9382782
2025-11-20 16:00:00,0.7723641
2025-11-20 17:00:00,0.45524645
2025-11-20 18:00:00,0.04843122
2025-11-20 19:00:00,-0.3549142
2025-11-20 20:00:00,-0.6564321
2025-11-20 21:00:00,-0.75939655
2025-11-20 22:00:00,-0.6589878
2025-11-20 23:00:00,-0.39174837
2025-11-21 00:00:00,-0.046639822
2025-11-21 01:00:00,0.29007822
2025-11-21 02:00:00,0.5065156
2025-11-21 03:00:00,0.5438989
2025-11-21 04:00:00,0.41374967
2025-11-21 05:00:00,0.13877338
2025-11-21 06:00:00,-0.20553276
2025-11-21 07:00:00,-0.55227643
2025-11-21 08:00:00,-0.7994614
2025-11-21 09:00:00,-0.8575653
2025-11-21 10:00:00,-0.722222
2025-11-21 11:00:00,-0.41326985
2025-11-21 12:00:00,0.015778944
2025-11-21 13:00:00,0.44141486
2025-11-21 14:00:00,0.77710223
2025-11-21 15:00:00,0.9320201
2025-11-21 16:00:00,0.8709551
2025-11-21 17:00:00,0.62309283
2025-11-21 18:00:00,0.25450793
